Exit Code	Error message	Map	Action Sequence
CRASH	""	"WWM0MFMFF
F0W0MW00W
F00MM0WFM
FWMW0MWFM
MWWMMMWWW
M0MFWF0MF
MF0FFW0W0
FFWMFMFW0
F0F0WFM0M
WM0M0WF0W
WMMWFMFF0
MMFW0WMMF
FMW0WF0WW
00MFMMWWF
MWW0W0MWW
FWWFFW0F0
FM0F000MM
WWFMWF0FM
WFPFM0FWM
MW0MWFWF0
MFMW0FF0M
M00MFMW00
WWWWM0MMW
M0F0M00W0
"	SWWDQUELRLWQQRQWQRUEWEURDDLUWWLURQUSRLSWDDWLE
CRASH	""	"MM
M0
FM
MW
FF
W0
0F
W0
MF
FW
WW
M0
F0
WF
WF
FF
0M
0F
MM
0M
0W
F0
M0
00
PW
WM
F0
M0
MW
FF
FW
FF
WW
FF
0M
WF
F0
0M
F0
00
MW
WW
WW
WW
"	SDLUSQWWLUDQWLSLWELLQLSUDE
CRASH	""	"WMWF
WW0F
0F0W
WWMM
F0F0
MFMM
WWWM
M0W0
FFWW
00WM
F00F
WMFF
FW0F
0MWM
FFFF
WWMM
WM0F
0FWM
MF00
W0FW
0F00
MMFW
FMFP
MFW0
0MMW
"	SQQUDQSQLDLWSQUUDLDQERRSUDWLSRUEDLRDE
CRASH	""	"FFMF00MPW
FWW00W0MF
WFFF000MM
FW0WWWW0F
FWM0MFMWM
0FWW0FFFF
MMMW00FWM
0FFFMMFWW
F0MMWM0FM
FM0M0MFFM
W0W0MWW0F
M0MMMM0MF
MWWMMFWWW
M0W0FWFMM
MFW00WFW0
WW0FMMF00
F0MWWWF0F
WFM0WFMFF
M0FF00W0M
0WMMM000W
M0W00MF0M
MMMWFF0F0
0WWFFW0WM
WF0MM00FW
MMF0WWMWW
MFWMFM0W0
MWWWFM0FW
M0WFFWMWM
FMFW0FFWM
0MF0MMW00
0FMFWMWFM
M0M0FMMF0
FWFF000MW
0MMMM00M0
00MWFFWW0
0F0M00MWF
"	SULESUELLURUWLDDSQSUE
CRASH	""	"MFM0MW
FFFFWW
M0WW0M
FF0WMW
WFWFW0
0MW0WM
WW00M0
0FM0WM
MF00FF
FWWFMF
WWMM00
MFFMFM
FMWWF0
FWM0F0
0W00FF
F0WF0W
00MM0M
M00F00
0M0MMF
0FFFMM
FFMPFW
"	SEUDDWDSLLDLRRSLRLWSWDSDRWSWDEE
CRASH	""	"FW0M0MFFM0W0MMM0FF
MWFMM0W0FF0WM0W0M0
MMFWM0FW0WPWMF00MM
F0MMW0MF0WM0W0M0WF
W00WFW0M0WWM00WMF0
0MMFWWWFWW0FW0MF0F
WF0WWW0W0MFFWMWFWM
WMWFF0MMMMMMFF0W0F
M00W00MWMMW0WFF0W0
0F0FF0MFFWM0MW0F00
MMWM0FW00F0WFFF0WW
F0FMM00M00WWM0WMFM
0W0FW0FFWW0WWMFFFW
0WF0MMFM0FMWMMF0WM
0MWMFWM0MMWFFMW0WW
W0FMFMF0WFWF0MF00F
FWMFFMMFW00WFF0FWW
MF0M0FWW0W0MWFWFF0
MFFMMF0W0MFWW00M0F
0MF00FWMMFF0WWWMMM
MFF0MMMMMM0W0M000F
FM0M0FWM0MMFWFWFWM
FFFWWMW0F0FFFM0MW0
FM0FWFWFWF00M0WWFM
0MMWMFFM00MFFFW0W0
00FFFFWM0WFWWFM0FW
WF0WW0WFF00FWW0WFW
"	SQUWQEDWDQRSUWWSRUUURRLRLWQQRDRWEWLESSUQE
CRASH	""	"WWFFF00WW
0MMPFMFMW
FFWWWFMMW
F00FF0FFF
WMM0FM00M
0MMMFW0M0
W0FF0WWF0
0FMWMMFMM
MFMMFFMWM
FFWFWFWF0
0M0WMFWF0
FWFFMMFFW
FWFW0F00F
WWWF00FF0
M0MMFFMFW
0WWWMFFMM
FW0WWWF0W
W0MF0MFFF
MW0FFMFFF
MM0FW0F0M
FWMF0M0MM
WWFWFM000
F00F000MF
00MMMW00W
0MFF00FFW
WMWWWF0MF
WWMF00W00
FMW0FWWFW
FMMWFWF0M
0FFW0M000
W0FM000FF
WMWWFWFFF
W0WFFWMM0
MMFFWMWF0
WW00W0MMF
0FFWWMWMF
W0WWMWWMM
W0MW0W00W
FFWFFMWFM
WMFW0FMMF
FMF00MMFW
"	SRURURDQWSWERURUWDUULEEQLEE
CRASH	""	"00MM0MPF0WWM0
"	SWDSUEEDLEQRDRESDDLQEEEELSSRQLQRUE
CRASH	""	"FFWP000MM
0WF00FWWF
0W0F0WFM0
W0MM00MMW
MFMM0M0WF
0MFW00F0F
"	SUSWWQQLQQEULESQDQWLQRSESURDRSUE
CRASH	""	"FFW
M0M
MWF
W0F
FFF
MWM
WM0
FWF
MM0
F0F
W00
WMM
FW0
0WF
00W
WW0
FFF
PWF
MM0
WM0
MWW
FWM
FF0
F00
MMM
FWM
FFF
0F0
0W0
MFW
W0M
MFF
M00
MWW
WFW
FWM
"	SULRDE
CRASH	""	"0MMWWFWF000WFMF00W0M0MF0MMM0FWM0WF0W00WW
MWMWF0FFWMFMFMMMMMFWFWFMMWFW0FMMWWFFF0M0
WWWWF0MMWW0WFFMFWW0FF0WMMMWFWM0WM0MMM0W0
W0FMMFWFWWM0FMMFFW0FM0F00MFMWF0M0F0FF0FM
W00FWWWMFFMMWWFFMFMFWWWWM0WWM0WWWFMWMFFW
MW00WWFMM00WMM0MW00MWF0W0MMFMFFMFFWFMWFF
0WFW0FM0WFFFWW0F0FFWFFF0WF0MMFFW0FWWMWFM
FWW0FFMFMWFWFF0W0WFWMF00MFFWWFWW0WFF00WM
WFWF0WFWM00W0WWMW0FM00FM0FMFFWF0F00WWMMF
M0FWWWMWMWMF00FWFFF0MMWWM0WMF0WMFFF0WF00
0WFMFFFFWMFW0FMMFWWWFWMMFWWFFM00MMWMM0WF
FMFWMMWMFFWWWMWFFF0F00FWMMW0PM0MFFMW0FWM
"	SDUQSWUULRLSDRSWDLEE
CRASH	""	"W0MWWF0WMMWF0F
MMFF0FMWMWFM0W
FWMWWF0MWF00FM
0MW0WMW0MMF00F
MW0WMWW00FMWF0
M0MMM0M0MW0MMW
WW00FMWWWMMMW0
00FWMW0FFF0W0W
WF00MF000MF0FM
FW0WW0MWMWM0WW
0W00W0FW00FFM0
0MWMF0WF0FMWWM
0FMWW00WMMFFMF
MMWFFWFFMWFF0F
F0W0FMWWWWMMM0
0WF0WFF00FMMM0
00WW00MM0W0FWF
WWFFMW00MWFMF0
0F0WF0FWWF0WF0
0MFWMW0W0MFWFF
MFWF0FW0WWMW0F
PFFMMWFW0WMFMM
M0M0MMMWM0M0MM
MFWFWM0MW00FFF
FMMMFF0WMWWMMW
FWFWFM0MMWWMMM
"	SSWDUQWSUSRWLLWRWRE
CRASH	""	"FWM00FFFWFMM0WMMPMMWW
W0FWWMM0F0FMW0FW0MWFF
"	SDEDRWEWQRRQQQQDEWRUDQESDWUWSLQRSSLLQLLLLURDSDESEE
CRASH	""	"MM0F0FFMWMW0WM0F0WWMFMF0FMMFFF0FF0
WWM0FW0FWMW0MWM00000MFFWWFWMWFWMFF
PW00M00FWFFFF0F000MWMWFWWM0W00FWFW
FMMM0FFMWMFMFFFMFFFMMFFFMM0MWM0MFM
"	SQUQSWLLLWRLRLUULEDEDEURE
CRASH	""	"000F0M00FWF0M0WWW0F0MM0FWFF0WWMWWFFF0
FMM0WWMWMFM0WMW0F00M0F0FWWW0WFM00MFWM
MM0M00MFFW00MWFMW0FMFW00WWF00F0FFWMWF
F0WF0FW0FMMW0WF00MWM0MWMMFMFWMFF0WMWW
PM00M0000WFFWMFWWMWMM0MWFMFWFWWM0WMW0
MWWFMMW0WWMWWW0WFWMWW0F0FWF00MM0M00WF
MWM00MWMF000WMW0WWMWF0FMMWF000MFWF000
MM0FFFW0WM00WFMW00F0F00MWWFWWMM0MF0FW
FMW0W0MMWMFMMFMF0FFF0WFM0MMFFW0WWWFFF
0MFMFF0MFF0000MM00FWWFWWMWFFF0WMFMWWF
MWMW000WMWW00MMF00FW0FM0FWFWWM0WWM000
WFWMWMFFFFMW0MMWFMMFMWMMW0WWF0FM0WW0W
"	SLUSQSQSQURREDDWRERQEQEDWWQSDREDRWEWUDQDRE
CRASH	""	"0
F
M
F
F
W
0
F
0
M
M
0
W
0
W
F
0
0
M
P
W
W
0
W
W
0
F
M
"	SLUEUWWQUWQLSSSSSSWQERWRWSWUSWRERESREEELLE
CRASH	""	"WMWM0FF00FMMWWMFWWMFWFFFMWFWF0MM0F000FFW0WWWWM0W
0FW0FMFMW0FMM0W0FWF0FWFFWMWWFM0FW0WWFFF0WWWFM0MF
0FMMMWW0MFM0MFF0WMF0M0WMW00M00WM0WWFM0FWF0WWFMM0
0MWFW0WWMMMMMWWW0WW0WMFWF0W0FWF0WWMMWFF0WF00FMWW
F0WFMFW0MFM0FMM0MWMFMMFMMWF0MMFM00FMMWW00M0WF0WF
0M00FFM00WW0M0F00W0FWF0FMMWFFMMW0WM0MFFMF0MF00MM
FFWFMF0WW00F0WM0WMW0MFMMFFMWFFWFMFF0MWW0FWWM0MM0
F00FFMFMFMFMFMF0F0M0F0F00WWFMFMWF0MMFMWWMFW0W0MW
M0W00FWWMMWWM00MFF00WW0MFFW0FWW00FMMWFFM0FM0WWMW
MMM0MMWM0W0WW0FF0WF0W00F0WWWFMFWMMWM0MM0MWWWFFW0
MMMFM0MWMWM0W0W0WMMWFFWWFWFFF0FFFFMMFFMWW0FMMFWM
M0FW0FF0WMW000WMFWM0MW0W0MFMMWF0FFWMWFFWF0W0MW0F
FWFMFFMMMMWWWWWFW0FFM0W0WMMFPMFFF0MWWFFFM0FMFWFF
MMFWMF0F0WW00MW0MWF00M0F0MW0000M00WF0WWF00FWW0FW
"	SSDULUWSWUULSQQEQWLERSDWDDQDEDURLLEDDLWLEQDEDDSEDSQE
CRASH	""	"FWMMW0MW00MF0MWF0MW0MMMFWMWW0WWMMWMM0
FMMMWFWWWMMWMF0M00M0MF0WWFF0FWWFWFMFW
WM0F0FW0W0F0FMWF0F0FMM0F0MMM00WWW0FMF
MMMMWMFWW0MMFM0WFF0FWF0WF0MMWMWF0WWM0
F00W0FWFWFWWFF00M0WMW00WW000MFFWF0F0F
0M0WWMMFWW00WFWW0FWM00FW000FMMFF0F0FW
WFWFF0M0MW0W00MFM0MM0FW000FWW0W0F0WW0
00MWMMMFMFF00W0FMWMW0MW0FFMFWMMMFFM0F
0FWFMMMMW00M0WFM0FWM00WMMWWFFMMM00F0F
FMWMWFFMMFW0WM0MWWFF0MWMWF0WMWMWWMWFF
MFWWWMFFWFF0WMF00M0WWM0FWMMWF0W0WFMWM
0FFWWF0WMFW00MWMMMM00M0000W000W00FMMF
MMWW000WFMWFM0MMMWWFMF000FFWM0WF0F00M
M0WMMW00W0FMFWWW000WF0WWF0FFM000M0WWM
0MFFFMMW0WMMMFWWFMFFW0M0M00FW0FF0MM0F
MMWWWMMWWMW0FMWFWFWF0W0MWFM0M00F0MM0F
WWWWMM0MMMF00WWFFMFWM00MWWWFM00FFWFF0
0M0W0FWM0WM00F00MMW0W0WWMWMWWFWFFMMFM
WMMWWF0MMWMFWM0WMMWFMMWMFF00FFWMMWMFW
MWFMFMWMFM0MMWFF0FFFM0W0M0MFMFM0M00F0
0F0MWM0MWMMFMF0FWFWFFWW0FM0W00MFFFM0F
WWFFW0MMFMFFWM00MMF0M00FMFM0MFWF0WMWW
WF0MWFM0WFMWW00F00MWWWWM000FW0MWFF00F
0WMM0FF0WF0WFMWWW00MWMFFFWFFW0WFM0MF0
00FFM0MMWFFFF0WWFMMMMWF0M00WW00FW0FWF
0000FFM0MWW0FFF0WFMFFMWFM0MFM00F0FWMM
W0M0F0FMF000W0FFFW0MW0FFWMF0WMF0W0MMM
0MFW00MWMFWMWMWWMFW0WMF00MFFF00WWWWM0
WMF0WFWFM0FMMMFWMFMF00FWFFM0WWMMWF0FW
WWMWM00W0WF0W0MWF00WWWWWWWMFMMFM0MW0M
F0WW0000MMFMFMMMWFM0F0WMFFWWMMFWMWMWM
F0W0000FM0MWWMW0MFMFMMWMMFFFM0MMMWMFM
FWWF00WM00MWWFFWMFWMMW0FFF0M0WW0MW00M
0WM0FWFMFMF0FFWW00MWWW0MWF0WMW0FMFMWM
M0FFW0WMMMF0MW0MWFWM00M0WFM0MWMFM0MWF
WMWWFMF0M0MWF0F0WW0FM00M0M0MWMWMFFMFF
W0FWMFF00FMM00WM0WMMM00F0FFMF0MWFMW0M
0F00FMMW0FMWWWMWF00F0WMMMMFMFMWMFW00F
MFFMFF0MFW0FFMWF0000M0MMW0MWMF0W0MFWF
0WW0WMWFMWFMPMFF0F0MW0WF0WMFWWMFWFWMF
"	SDLRQWQQWQRSQEQWERLQSUSDSEWWUSEDDQSQRDSERRUWLQUWE
CRASH	""	"F00WFP0WFWM00MM0MM0FFMFMMF0WWF0M000FF
0FFW0M0WWM0WMM0WW0WWFM0WWWFWF00WMWFWM
0000M0WWWWW0F0FFWWWW00WF0FWMMWMM0W0WF
0FMFF00FFF000000WM000MFWF00WF0FWMWFMF
FFFFWMMF00FFF0FW0FWMFMW0W0F0FMW00MMWM
WMFMFFMWWFWFM00F0F00W000FWF0MFFWF0WF0
MM0MMW0MFFMM0W00M00W0FWWMM0FFMMFMFF0F
MWM0000FW0MWMF000MWW0MWF000M00WWFMWWW
F0F0WMFWMWWWWWMF0FMFMMFM0FMFFWMMFFMMW
0F00WFMF0WWFFFFFMM0FW00FMWW0W0MWMF0FF
0MMMMM0WF0FW0FWMMWWMFFWWM0W0W0WF0FW0F
00M0WMMMFMWFFWFFF0000WFMWFMFFMFFF000W
0MMFW0F0MF0FWWWMMMFFM00MFWFMWW00MM0M0
MFWFWWMMMMFW0WMF00W0F00F0WMM0MWW0WW0W
M0FMWW0WWWFFWM0M000000FM0MMWF000WFMMM
MWMW00MMF0WM0MM0MM00WMMMM0WMFM0FMWFF0
MWW0F0MF00WWFWFMW00W0W0000MW0FWW00MFM
WWM0MMWMWWFFFMMFWW00MMMWFMWFFFFF0MMFF
WW00FMWFFWFFFFFMWW0MF0MFFMMW0000WWMM0
WMM0MWFMMWMWMM0M0M0M0FFWWMFFW0FFFWFFW
W0MW00F0FFW000FW0W0F0M0WMWFF0MWWWF00F
WFFWF00MWFFFMF0FFW0MMMWMMFMW0MWFWWWM0
00WFM0WM0WMF0FFFWM0W0MFMMMMW0FWW0WM0F
0M00000MMWFMFMWFMWWWMMM0MWMM0MFFWW0W0
0MFFMWM0MMM0F0WF0F00MWMWMMFW0W000M0M0
WWMMWFFM0W00WFM0FFWWFWFMWWF00FF0WWWFW
W00MWFMFFFWM000MW0MWWWMMFWF0MFMW000W0
W0WWFMWMFMMWFF00F0WFWWF0MW00FW00WMWW0
FM00W0W0FF0WMM0M0FF0W0FWF0F000WFFMF0F
M00FW0WFWFWW0F0WFWWFMFMF0FMW00WFF0W0M
FWM0WFM00FWM000F00MW00MMWFF0FM0MFMWWM
FWF00MFMWMFFMWMFWFWWWMFWWFW0FW0MWW0M0
MF0FF0MFFMFWF00WM00F0FWWWF0F0FWFWM0MM
FWFMFM0MF0FWMFM0WMFWWFFWMMF00FWWW0FWM
0WMM0WWW00WM0W0W0MMMM0WMFFM0FFM000F00
MF0WFM0FM0W0FMFMWFMFFWFMFMWW00F0M00MF
MFWW0MFWFW00WW0FWMFF0WFMF0F0FWWMFWM0W
W00MFWFFM00FMF0FFFFWFMMFFFF0W0MWMFF0M
MM0MFFWW0FMWMMMWFFFW0FWMMM0FFWWFMMMWM
0WMWF0MFWWWF0M0WFFFMFW0WWFWMWMW0MM0F0
FWFF0W0WMWWFFMWFW0W0WFFMFWFW00MWMWFFF
F0FFW000WFM00M0WWFFF0F000FMM0FM0W00MW
W0FWF0000000MWW0MW00W0W00F0WFWMMMWMMW
"	SSULRLRLUURWSRWQDLQLUDQSQEUSRRUUWELLSUUWWQLRUELQSE
CRASH	""	"0MFPF
FM0FM
WFFW0
WMW0M
MF0F0
MW00W
"	SUUSLSWWDEEWSDRWWEELWDUUSERE
CRASH	""	"W0WMMM0MFM0MMW0WMMWWWMFF
F0W00WWFWFW0FM0MFWWMMWMM
WFWFFWFMW0FWFM00WFMWF0MF
M0W0WMWMWWMFWMFM0FMF0M0M
MMF00WMMMFM0WWWFW0WMWWWM
0WFF0MFMM0W00W0WFMFFMMW0
WWWW0FMMWMWWW0WM0FMWFFWF
M0M0WMFMWMFFM0F0W0WFFFMW
WWMFFWF0WFM00FFFM0MWMFMM
000FM00WF0MWFFWW0FM0MFWW
MMMMWMFWF0M0WMF00M000MWF
FWFMF0M00W0F0F0MWMFWW0WF
W0M0FWF0W0MWFMFF0WFWMWM0
MMFFMFM00MMWMMM0WWWFWFF0
MW0W0W0WMFM0FFMWF0F0W0WM
MFWMM0FWW0FWF0M0WW00WF0M
0WFWM00MM0MWFFFFWFMMWMWM
FFWWF0F0000W00WWW0WMFMMW
FMFWMF000F00W0WM0MWW00FM
FMMFFWFFWWFFFFFWMF0MWMMM
WM0W0WMWWFF0MWM000FFFMFF
MW00F0WFWWF0F0W0M0MFM00F
MMMW0M0MFMW0MM0MWFFWFW0M
MFFWWW0FW0M0FWWMFW0WW0M0
0WWFMWWFW0MFMMMW0W0FW000
0FMWMWFMMM0FM0F0MFPWFMFW
"	SLQEWUWUSUQSUDWUWLRQUQRLQQDUEDRLQULEELWQLQQLDDUQRWE
CRASH	""	"M0
WF
FF
00
F0
MM
M0
0W
MW
M0
MF
WM
FF
MM
PW
WF
MW
WM
MW
W0
FM
FM
0M
WM
FW
0W
0W
FM
0M
F0
MW
W0
FM
"	SDQLLWWLSLQRWLSWQSSSUWLWLQSRRRLUEUESEUWDELDLRUREE
CRASH	""	"M0M0M0MP0FFW00MWMMFM
FM0FF00W0M00WWW00WMW
W0MF0MFF0M0WWWWFW00F
FMW0MM0FWFMFMWW0MFF0
F0MMWWF0MMWFMW0MWF0F
FMW0W0000FMM00MF00FW
MM00M0MMFWWF0FFM00F0
WMWFF00MW0MWWF0F0FFM
WWFFMWMFFM00FM0MWMFM
W00WM0FW00W00MW0MMM0
FF0M0FMWFWFMF00WFW00
FWWWFMMMFMF0F00F0WFF
M0F0F0WWWFW0FF00W000
WWMWMF0M0WWWW0WMMMFM
0FF0MWM000WFF0MF0FFF
FFWMWFMWMWFW0MW0MFF0
FFW0MMFFF0MWWWFMMW0W
W0MMWW0WFFWW0MMFW0M0
0FF0M00WWM0F0WFWMFF0
M0M00MFFMFWFMWM000WM
00000W0MWWM0MF0WWFWF
MM00WF00WFWFWFW0WMM0
WWFFWWW00WFM0MMWWF0M
W0M0WM0WMFFF0W0F00W0
M0WWF0MMWW0MWFMF0MM0
M00FFFFMFFMFMMFWFFMF
FMMFFWFMWWM0FWWFF0FM
0MWFMWWWM0FMMW0F00MF
WFW0WMWMMFWMWMMFFMWM
F00MFMM000FMW0MMMWFM
MWMWFF0MWMWM0FWM0WMW
"	SRUSWSRQEUEWLQQLQREQLUUEUSDUWE
CRASH	""	"00
0M
FM
FW
0M
00
MF
00
WM
FF
PM
M0
WM
WF
WW
FM
"	SDSDURQEQWWRELUDSSSELSLEULQEQDWEE
CRASH	""	"F
M
M
0
W
F
M
0
P
F
M
M
"	SDWWSLRWE
CRASH	""	"WWMFFWW0MFMMW00WFFM0MW00FWFMMW0FWFMFWFWF
FWWMMF0FF0MWMFMF00MF00WWFF0W0M0WF0FWMF0W
WWM0W0WFWMMW000MWWFFMMWWFM0W0FMMFFWMWWM0
WW0FWFMWMM0MWWFM0FFWFMM0M0000FWF0WMWWFFM
FW0F0FWWWWWF0MMFWFWWF00FMWM0M0WM0WWM0MWM
MFFM0MFMMFFF000MMMFMFF0FWWWMWMFWMW00FFMM
WWWMMMW000MW000MFWMWM0MFMMM0W0WWWFFMW0W0
FWM0W0F0MMWMWFMM0W0FWMWM0WFMFMFMFW0FFFWF
0M0F000000FW000WM00WWF0MMMMWW0MMF0FF0FWF
0MMMWFFWMFM0W0M0FMF0WFM0F0MF0MFW0MMWMW0W
M00F0WWWMWMWMMFFWWWFMW0FFMFMWW00MFWF000F
W0MWFFMF0WFWMW0F0WWMFWFFM0W0F00WMWWWM0WW
MM00000FWFWW0WM0MMWFFFMWFWM0FMWFMWWM00MW
MF00MFWMF0MMWMFMWWFM00WWMMFWMMFMMM00W0W0
FFM0F00FWFF00MMM0M0FW0MF00WFFFFMMFMW00WM
M0FMFMWMFM0MMW0FWF0WM0FFFW0MFMM0WFFFW000
WFFF0WW0W0FFWF0MW0MMMM0MMMFMMMFMWFMMMFMM
WWFW00WMFM0FMMMMFMFFMF0MMW0FFWWW0FWWWMM0
0FWWWMFMFWF0FFWWM0WWMMMMW0FFMFFWM0W0MFF0
W0MF0FWMWF000MWMWMMW00WMMFWM0MM0WMMF0MFF
WMWF00FWWFMWMFW0WWWMWFWWW00WFWF0MFWWFFMM
F0MWWMF0FWFMM0MWW0MMWMWFF00WW0MWMFFWW0MM
MFWM0WMMFWFWMMF0MWFM0FMFFWFMM0FM00MF0FMF
PMWMWW0M00FWMWF0MMM0MW0WFM0WWWFMMFF0WMMM
WWFMW0FMF0FWMWM0M00FWWMWMM0FWM0FMFW0WWFM
MMF00W0FWMFWWWMMW00M0MWW0FFWM00MF0FFFWFF
FMWWWFM0WM00M0WWW0WFM0FFW0FFWM0WF0M0MM0W
W0MWFWWMFFM0F0W0WWFWFM0WMFFWWWFMM0M0WMWM
0F0MM0MWM0WWM0W0MM0WFFMFMWW00WFWWF00MFMW
FMW00000WWMFFWWMFWW000MWW0MMFFFMW0W0MWWF
WMFMMWMFWFW0WM0FWWF00MWFMWFFFMMMMFF0FWMF
0W00FFW0MMWFW0WFF0FM0MWMFFFW0MWWF0MWM0WF
M0FWF0F00MWFWMFMMW0MWFWW0F0MFWFWWMMF0W0F
0000FW0M0FMFF0FFF0FWWM0WFMM000F0WW0WMWFM
M0W0WMWW0WFMWM00MFFM0FFF0WFM0MMFWWMMM0FW
0MM0WWFWF00MMWMM0MWFF0FMWM0FWWMFFWFWMWF0
FMF0FFF0WFF00WF0M00W00FFF0MFFF0FFWFF0W0M
0WM0W0M0FM0FWW0MFWMW0W00FFFMW0FW0F0FWMF0
MFWMF0M0WFWFWMWF000MM0M0FWMMF0WFMFMFWF0F
WMMFM0MWF0FFWWWMWFFM0FWFWFMFFMWWMFWWFFMF
00FWMMFWWWMFMMFF0W0FFFMWWMFFFWMMMWWWWFFF
FFWWFM0WFW0F0MW0000F00MWFW0WWF00WMFFM0WW
WW0W00FFF0MWFFMWWW00MMWWFMMM00F0FM0FFMFF
FF0MMWMFWWF0FMF0FMFFFWWWFMFWWFFMWMWMWWMW
"	SLSLWWWEUWDLUQQDDSWRSUSDSDSRURDUEWUURDLSEUELSLUDDE
CRASH	""	"0FMMFM
MFF0WW
WWFMF0
0F0FWM
PW00WM
W00MWW
0WWWFW
M0FF0F
0FWWMM
"	SDSUWWQLUSWURULULQEUDDESQQRRWRE
CRASH	""	"MFWMWWWWW0WWFMFMFMW0MMF00FMWMWMP0FMW0MWW00FFM00M
"	SSUUSQULDUQDLLURWLSE
CRASH	""	"0W
FF
0F
MF
MW
0M
MF
FF
W0
MW
MF
WM
WM
MM
MF
FW
00
FF
0F
M0
MF
MW
0F
FM
WF
00
F0
WF
MM
FW
WM
FM
MM
MW
FF
W0
0P
WF
FM
WF
WM
"	SLQSQLEWSLRLLELRDELDQSUUUEE
CRASH	""	"0W0FM0M0FWWWF00F0WWW000MFFMMWW0WWWW0MWWMWMMF0
FM0FMMMFMW00F0MWMM0WWMMFWWMMWMFW0MFF0WMW0FWWF
M0FWW0FMWF0MMMMWWWWMF00M0MF00W00FFW0W0F0M0MMF
FWMM0MW0WFFFWWMMWWFFWFW00MMMFF0WMWFWFMW00W0FM
F0W0MFFWFM0FF0W0FMWFM0FM0MWMM0FWWFF00MF0FFFFF
MFW00M0MM0WWW0MW0FFWFWM0WMWM0M0M0F0M000WW00WM
FWW0F0MWFWW00F000MF0MWMFFM0MWWF0MFFMWFM0MM0W0
FM0M0MFMMF000F00FWMW0WMMWMMWFMMM00M0MW00WWFF0
M0M0M0WF0MWW0WMW0000MFWF0M0FW0W0MMFWFWWWF0WWW
FF0WMF0WMWMMFF0FMMFWWMMWFFW0FMWW00F0F0WFM00WM
0W0FFMMF0MFM0FMMFFWF0F0W0WMWWM000WF0F0M0MWFMW
F0W000WM0W00MFW0M000WWM0W00FMF0FM0FFWMFM0F00M
WFMM0F00FWMF0MF00WFMWMFFWWF0FFFWFW0FF0WWFFF0M
FFM0M0WWF000FF0FM000FMMMWWWFF000WFFFWF0WMWMM0
FMMF0WMWW00FM0M0F0MFM0WF0WWFFWMMFM000M0MWMFF0
FFM0FM00F00FFF0W0WFFWMMF00MW000WMWWFWW0FFFFFW
F0W0FWWWMMW00M0FWMFWWFWMWWW00MFFMWF0F00MWFFW0
0MWMFFWF00F0WWFFF0MW000M0MFW0W00FWMMMFMWWWWMF
WW000FMFFMF0F00M00FMWWWF0FMFW0FMMWMMW00MM00WM
0FWFW0F0FM0WWMW0FFMWMWF0M0W00WWMMFW0M0MWWWWMM
W000WM0000MM00W0FF000WFW0W0000FWFFW0MWMFWFWMF
0MFW0MW0FW0FMWW0WWMWWW00F0MF0W0WFWF0M0FFFFWFW
WWFMFWMMFMF0WWF0MF0FM0W0W0F0F0WMWFFMWW0WFMF0W
FF00FMFW000F0F0WFFW00M0FM000MWM0FM0WMWW0WMM00
MFMWM00W0W00F00WWW0FMWFFMFF0W0WF00FFMW0FM0FW0
FMMMWMM000WF0WFWMF0W0FW0FF0W0MMFMFW0FWMFMFWWM
0F000MW00MFF00M00W000MF00M0F0MF00M0FMF0WF0WWW
FMWMF0F0MFM0FMFF0FWM00FF0M0M0MMW0FFW0MWFMFFMW
M0MF000MF0M0MMF0FMWFFM000WWMWWFMF0MMWM0WWF00F
0W0FMF00FMWMMMMWMFFFWMFM0WWWFWM000MMW00WFF00F
FMFWFWMW0F000MWM00WWWFMMWMF00WWFWWWMMF0F0MMFM
FWFFMMWFM00WWFFWWMF0W0FMMMFMFW0M000FWFWFWWW00
WW0FWMMM00MW0000M0FWFWFMWFF0M0FWWWMWM0M0MFF0W
00FW0MF0FW000WMWW00WFW0MM0000M0FMMFMFWMMMM0WM
0F000MWWWFWF0W00FF0W0FMMWWFMWMM0FWMMFM0MWWWWF
MMMWWM0F0MWW00FFFMFWWM00MF0FMWFW0FWW0WW0WWM0W
MFFFWWWMWFMMMWFMMW0F0MFWM0MF0WWM0FFFFMMMW00F0
0MWWFWMWMWWW0W00FF0F0W0F0MWFWWFFMMWMW00FMMM0F
FWMWMF0WMMMM000000FM0M0WWW00MMMWMWMMFFWW000W0
MWMWFMFM00MWF0MWFM0MWFMFFMF0WFWW00MFMFM0FFMWF
W00MFW0W0000MMM0FFMFWF0MFMM0WWFMMFM00MM00FWMP
WWFFMWMMW0M0MFWWFMWFWWF0FM0F00FW00MFWMFWFWF0F
W0MW0WFMWMM0MM0MFFWW0WWFF0FFWF0MWWF0FF0F0MMWW
FWWMWFFMFWW0F0W0MWMFFW00FWW0WFF0M0MWMW0F0F00W
000WWMWW000MFWWW0F0M00FWWFMF0WWW0W0MMMFMMWFWF
00FWMM0WMMF0FWFWWFMMWF0MFF00MMF0W0MMMFM0WWWWM
MFMWMMMFM0MWFWMMM0MFWM000M0MFW0F00WWMFMFMWF0W
00MMMMFMMM0FWMFWWF000MWFWMFWWWFFWF0FWWW0MFFMW
"	SDUDQRRDDWDSSQLSRLE
CRASH	""	"0
F
F
0
F
M
0
0
F
F
M
0
M
M
M
M
W
M
0
W
W
F
P
M
M
0
"	SDUWELWSLUQDUEQQSLRWWSWSDUWE
CRASH	""	"M0
0W
MF
W0
0F
W0
MW
F0
0W
WF
FM
M0
M0
MF
WW
W0
WF
MF
WW
FW
00
WM
MM
W0
MM
FM
FF
WM
W0
WM
WF
MW
FF
W0
F0
MM
MM
MW
PM
MM
0M
"	SREUQERUUWUDDWRQLQRWWWEQSQSLUEWWDSLE
CRASH	""	"FM0M00MFMFPF0MF0MM00WMWMFM00MWM00MMW0MMW
"	SDDQLLUEWULSREWWDWLDQSE
CRASH	""	"00FWF0M0WFWFMMWMM0FMWFW
MW00MMFFM0W0000W0W0WFM0
MFW0WM0WMWFMMFMMM0WFWWM
FFFFMMWWWWW00WMMMMFWFMF
FWMWFFM0FWFWFWW0MMM0MWM
FFFWMFFWWF000W00M0MMFFM
W0M0M000MMWMFMMW0WWMMWW
F0M0WW00WFWMFMWMFMFMMFM
M0M00MMWWM0FMF0FMWWFF0M
M00WM0WMWFM00MWMFWFF0WM
MFF0FW0FFF0MFWW0W0WWMF0
0WM00W0MMW0WFM0WWFM000F
WFW0MWFMM0W0F0FWFF00WFF
FWF0WW0WWFMFMFWFF0W0MFF
0F0WFWF0FF0FWMF0F00MWMW
W0W0MF0WFW0MF00W0F0F0MF
WWF00F0FFWF0W0WFM0WWWMM
M0FWF0F00FWW0FWWF00WMWW
0FFF0F0WMWF0F00WMMMWFFM
0FFWFMMFF0M000WFWWWFMW0
W0FM0FFWMMMWF00M0FFF0W0
WFMMWF0WM00W0WF0MWFMFFW
W0M000FFW0WMWWMF0WMMFM0
WFF0WWMFF0F00WFFW0F0M0M
F0FW00F00FWMFMMMFWWWFMF
0FMM00FF0M0FMM0FF0M0FM0
W0WFMFFFW0M0MMM0FPFWWFF
"	SDSDSRSLUQURWLWRRLWEERURWRQLUSURURQELLLULLWSWDWSQE
CRASH	""	"M0MW
MMFM
M0MF
00WW
W00F
PWFW
0FM0
M00M
F0W0
W0WM
F0MM
FFMM
WWMF
WMMF
FW0M
MWM0
FF0W
M000
0000
F0FF
WWFW
0W0F
W00W
F0MM
W00W
FM0M
"	SEWEWLLEDWUSELSSDLQRDSWRLDLLEUSUEWEUDRE
CRASH	""	"0M00FFWMF0MFWWFMFWF0WWFWMMM0000MMMWMM00WFFF
0MMMWMFW00F0FM0WWMM0MWWMF0M0MM00WFWFFW0MWWW
F0FFWFMM0FW0W0M0WFFMWMFFWW0MWFFFFMMMWWWF00W
WWWW00F0FMMF0FM0F00FF0MFFFFMWWM0FFW0F00M0W0
WWWWWWMFW0WMF0WWMM00F0MFFFW0F0MFWMW00MWMFMM
FMFPWFMWMMFMWWMW0WM0MW0WFFM0WFFWM00M00WF0FM
"	SRSSUUWSWREURWELSDWUUEEDLRLLDUERSQQLDWWQURELLLDEE
CRASH	""	"FF0M00FFM0FFWMFW0M0WF0000FW0W0M0FF00MMWWW0
MF0MWM0WFMM00WWWFF0MMFFWFMWMWFMFMF0MFMWWM0
0MWWMWMWMMFFWM0FFWMM0FFFWWF0FMW0FMMFFFWW00
WFMMMF0W00MFF00WWFW0000WMMWFFW0MW0MFF0WFF0
MMWMMWFFWF0W00F0FWW0M0M00FFWMFFFFMFWF0000W
WW0MMM00MWWWFMFMMFMWMFW00WW0FMMMF0WFWFMWWW
0MMMFFFWMMFMFFF0FW00WF0FF00WM0FFFFMMMWWFWW
FWWFMW0FFMW0W0FW0FFFFFWFF0FMWWWMWWWW0WMF0W
MF00MWF0WMFMMF0M0FFMWM00MW0M0MMMMWFMFWWW0W
MM0MWWMF0WF0WFM000F00WM0FFW0WMWWMF0WMF0MFM
0MFFFFWF0MFM0FFMW0WMWF00MFFWMFFMFFW0M000F0
F0MF0MM00F0MF00FFMFF00FMFWFMMM0FM0WFM00MMW
MMM0WFM0M0FFFFFFW0F0WFMFFW0F00F000F0FWWWMF
0MMFWMM0F0WMWFF0FMW0F0M0WMW00000MF0FMFMMMW
MWWM0FMMMFFWM00MMM00W00M0MMWFFM0FWMMW00M00
MW0WMMFFWWW00FFF0FWMFFWW0WFMM0FM00FF0WFFFM
0MMF0MWFWFF00MMWM0W0W0M0FWF0FMWWFM0WFFWFMF
MW0W0WWMW0MF00W0WWWWMMF0F0F00F0M0MFW0MFF0M
WWW0WWWWMFFW00FMM0WFM0F0M0M000MWWMFFWF00MW
0WFWMFM0MW0MFWFM0MM00FMWMF0WWFWW0MF00WW00W
M00MWMM0MWM0FMFF000WFMMFWFMFMWFFFW0FFFWFFF
0M0WFF00MMFFWMFW0W0WMFF0MW0MM0FWMMM0WW00MM
WFM0MFM00MWW0M0FWFM0MWMWMWMF0W0MW0WF00W0MW
FMFWFMFWW0M0MFMWWMWWMFFFM0M00FF00FFFW0MFFF
FWF0WFWFMFM0FFWWFW0W00FFMF00MF0MMW0FFF0FFF
000FM0MFWW0FWWWFWFMFM00FWWWFMM0FFWM0WF0FF0
W0FFF0FFWWFMW0MFFFWWFFWFMF0WFF0WMWM0WMMFM0
WWW0MMW00MFMFF0WMFMFMM0WW0WFFFFW0MFWFF0M00
MMF0MFWW00MWM0MFWW0MFFM000MMWFWWFFFWF0FMFM
MWMM0M0MW0MFWW0MW0MMWM0FM0M0WMM0F0FFWFWWFW
MW000MFMFFMWFWFWFMMM0WWW0MMF0FWW0M00WMW0M0
FFMMF0FFF0M0MW0MWFF0WWWM00000F0MM0FM00M0WF
W00MFW0F0WFFMFFFFF0MMMF0MWMFMF0F0FMMWW0MFF
WMWWFWM0W0WMMM0MMWM0W0MWFFFMMFFM0MFWFMW0FF
WMFW0FW00FWW0MWMMWW0FFWFF0MF00WFF0MW0FMMM0
M0MWW0FF0MW0MF00WFMMMFWF000M00MFWWMMW0WWM0
F0MWMMMFFFWWWMFF0MMM0FW0MFMF00FFFMWWFW0WW0
MMFFFFF0WF0MW0WMWM000FP0WMFFWW0FF0W000FMWF
"	SUQDDQWWRQRDDREUDDSDEWUQLQSEDWQLE
CRASH	""	"0MFWWFFWMWFFM0000W0WF000W000FWW00MWFM0MMF00F0F
WMFMFWWFMWWFMFWF000WFMMM0M0FFW00FWMWW0FMW0FFF0
FFWFMMMF0WPFW0WW00W0FF0MFWF0FW000FWMFWMMM00FMW
WWWFWFWFM0FW0F00W0WFMW0MFF0MFF0W0W0MMFM0FWFW00
"	SUEWLQRLRRSUDDEUWDWQWLDQE
CRASH	""	"M0WWM0
FM0M0F
0FWW0M
WMW0F0
FWWFWP
F0FWMF
WFWM0F
M0FFMF
FMFFWW
M0WWW0
MM00WF
M0FFMM
WFFWMF
WFWMFF
00F0FM
"	SDSUSRWSDQLLDURDDLUEWE
CRASH	""	"000WWMMMFWFWW
0MMMMF0FFWM0M
W000000F00FFM
MWMW0WWFFM0WM
F0MMWM00WFMW0
MWWFF000FMMWF
FWMFW00FFW00W
0WF00FMFFM0MF
MM0F0FWM00M0M
000WFFM0WWM00
WMM0FWMFMFWF0
WFFFF0F00WF0M
W0M00M0W0M0W0
W0MM0WMMFF0M0
W0FMWWMW0MWWM
FFWW0FMFFMFM0
MFWWF00FF0WMW
0WM0FF0MFWWM0
MFWWMFMWM000M
F0F00WWW00F00
MW0WM0WFWFFMM
MMW0FWFMFWMM0
FWMW0MFM0FM00
WM00FF0MMFWM0
WMWWFWWMWM00M
MFM00W0WMWFF0
M0000WFW000FF
MWWFWM0FWWM00
FMFWMMFM0MFF0
0WFFFW0MWMW0P
0FMWF000W0FMM
"	SUEWRWDSRRQLWUDLWDSDDLSUDQEWWRUSDQDULUSDESE
CRASH	""	"M0PF0FWF
FFMWWMMM
F0WWFF0M
00WFM0FW
0MWM00MF
MMMMMFWM
0WWWWWF0
WMW00W0M
W0W0WMWF
0W0M00MM
0FF0FM00
0F0FMMFF
W0W0FWFM
0M0WW00M
MW0FMMFW
MFMFFFWW
WFM0000W
FMMMWW0F
0WWWM0MF
FFM00MM0
"	SUDDQWE
CRASH	""	"FMMWWWMWFWFMMWW00FMF00FFFMFM0FMMMF
0MFMWMWFW0FW0WMWF0FWFWW0W00M0MMM00
MWMFFFW00FWF0F0MWF0MM0FFFPMWM0MW0F
"	SRREULLRWQEURWSSREWWLLSSDSDUUQWDUERSLEUSQSE
CRASH	""	"0WW0M
F000P
FFMMF
MFW0W
WFM0W
00WFW
FMWMW
F000M
MMMMM
MFFWW
MFFMM
M00MF
FMFWW
W0FFM
FFWMW
WM0FF
W00F0
FMWF0
WFFFM
FWMWM
WMMFF
F0MWW
FM0M0
MM00F
0W0WW
MMMW0
WWMFW
FWF0W
MWW0M
WM0MF
FW0W0
M0WMF
0M00W
0MMMF
MFMFM
FMM0M
M0W0W
00FWF
FFM00
"	SQSRSEDRWWDDWRE
CRASH	""	"MWMF00WFWWF0PMMMW0M00WWM0W0FF0F0MFWMW000F0
"	SQSDSSUURUQQWSDWSWEDUQWUEUWLRLSDRDDRQSUSUQDDSSLEE
CRASH	""	"F
W
0
0
M
M
W
M
F
F
F
W
M
P
F
0
F
M
M
W
M
F
M
"	SESDDSWWRLLDWWQEWDUUSRUWDE
CRASH	""	"00F0WW0FF0MWWW00WFW0FWFF0MFFMW000WMWMFW00
0WFW0MMM0WM0WW0WF0MW0M00FFF0FFMMMWFFWMWFF
MM0F000WF000W0FFMWMFWM0MFMFFFMMWW0FWW00M0
FWMWFMMW0FF00FM0WF00W0FMWFFMWMMW0FMF0WMW0
WMWM0M0FW0WWF0M0WMFFWMFFWMM0W0M00M0FWMFWW
F0FMW000FM0WF0W0WFWMM0WFFW000FFM0MFFF0MFW
FF0MWM0WWW000FW000MMM0FWM000MMMF00W0W0000
WFWMMFM0FWFFMM0MM0MFMFF00FFFWMFW0FF00WW0F
FF0FWF0F0MWMW00FWWW0W0F0MFWMWFMFFFFFWFW0W
FMM0F00FMMW0WFF0M0WMMF0FMF0MWW0MWFMWFW0MM
FW0WFFWW0MFMM000W0F0MFWMFFFFFWFWMMM0MF0MF
0MFWFWWF00WMFMWWMFF0M0MFMMMMMMFWFWWM0WM0W
FWMW0MW00MM0W0000MM0MWFWFMWMWF000FMWF0WW0
PWFW0FF0W00WFFFMMFWWMWW0MFWMWWFFW0FMW0WF0
0FWWMFWMWW0FMFFWFWMW0WMM00FWWFMM0MW0MWFFW
0MWFFMFM0F00WMWMFMFM0WWFWM0MWMWFMMM00MWWF
MWFW0WMFMWMM0FM0FW0MF00FWM0FM0FWWMMMFFWWW
FMWMWF00MFMW0WWMFMWWMFFFWW0MF0WFFMMMFMWFW
FFFMFFMFWFW0FF00FMWMFM0MWMMFWW0M0M00W00W0
WWMW0M000WWF0MFM0FWMMWFWW000WWM00FFWMMW0F
MFWFMMF000WMFWFFMWFFF0M00FFWFW0W00MWFW00W
WWFWFMFWFMFMMMWMWFMMWMW00MWFM0W0WM0F0FFM0
WF0M0FMFFMFFW0WFWWMFWW0MWWFWWW0FFMWWF0MFF
"	SULSSWRUQLDUWUSLDRUWRSRRLULUURQSSDQRLWQUE
CRASH	""	"MWWFFFFFM
M0000WFFM
WM0MW000M
MMMWFWWWF
M0MFW0WWM
W0FWM0FMP
MWMFF0W00
MM000F0WW
0FW00M0FM
FW0FM00MM
0FMFM0W0M
FW0FF0WMW
MWWFWWWWF
F0WMM00FF
W00F0F0FF
FFFMFW0MW
F0FFM0MMW
0FWWW0FW0
W00WFFFMF
00FFF0WFM
M0F00W00F
FFW0FF00W
F0FWFFMFW
FWMMFW0MM
FM0MWF00F
0F0MWMMFW
MMFWFWWF0
FMFM0WM0W
MFMM0MWW0
WFMFMW0FM
MMFM0WWMF
"	SRDEEDELSLSDQLDSRRLUUESLUEESLSERQLWQE
CRASH	""	"F
W
0
0
M
W
F
W
M
0
0
P
F
M
W
0
0
F
0
0
W
F
0
M
0
W
M
W
W
0
M
M
F
"	SSUSDLE
CRASH	""	"FFW00W00FMW00FWFFMF0MFFWF0WFMFFM0M
MMF0MMFWMFMMFWWWMWWMWWWMWWMW0FFWWM
FMF0MFW0WFFFFW0WMF00MF0MMF0WFFMMF0
00WM0M0FMMMWWMWW0WM0W0MMMWMFM00FMF
WWFFM00MWFMMMFWWF0WWMMFWW00MM000FF
FFM0MW0FW0W0MMFFWWM000FWFM0WWF0WMF
00MFFWWWM0FFM0FWWM0WWWFPF00W000F0F
"	SDWSUDDQWSDSRRESRLQLWWWLUDWE
REJECTION	"**** No food
"	"P0
"	SSSWQDLQEUEUSULWESSRWSEEDRSELSQQRWE
CRASH	""	"00
FF
W0
0M
MM
WM
FW
W0
MM
0F
F0
WM
0P
0F
0W
WF
FW
0W
00
FW
WW
FF
0F
MM
00
00
WF
MM
MW
F0
WM
FM
00
M0
M0
WM
MW
M0
F0
FW
MM
00
WW
M0
0M
F0
W0
"	SWLEUSSDESEESESLLQERWULEEDELSQRSDE
CRASH	""	"0FMM0W0WFMWM0WF0
00FFMWM0F00WM0FM
MMFWMWWWWWFMF00M
0000W0MMF0F0FFMM
0FMM0FF0MMWMW0FF
W0WWF0MWWM0FW0FW
WWFFW0FFFMW00WMM
0MWFWMMFMF00MF0W
000M0WFWFM0MFMFM
F0FFMMFMMWFW0FMM
0MWF0FWMWFF0FFFW
MFFMWMM00MWF0F0F
F0WMM0WWF0FWFW0M
0MMFW0MFW0FMWMM0
MFF0FMMMW0FMMW0M
0WMW0F0000W00WF0
WWFFM0MWM000FWWW
MW0WWF0MWFW0MFWW
M0MW0MMFWWW0M0MF
WMMMM0M000WWWMWF
FMMWFM0FWMFM0WMF
000MFWFF0FWF0W0F
FMMFF0M0FWF00W0W
FMWMW00WWFFF00WW
00MWF0FFWW0WM0FW
W0MFWM00FWWWMFW0
WFFMFWMMMW0F00WM
FWMWFMF0MM0FF0W0
M00WWWWWFW0WWW0W
F00MWMMFMMWF0MWW
000W00WMWF0W00WM
FWMMMF000P0FM0W0
FWWMM0FF0FW0000M
"	SEWDRSLSSDDWLDQSLSWLLEDDRLE
CRASH	""	"MW0F0FMWWW0M0WFWWMW0M0WMWW000
WWMWF0WW0WF0MMWMFF0WWW0FMFWFW
MFFM0000WFFWMFFMMFFWWMFMFMWMF
WM0FMFM00W0WWMFWMFWWWMFMF0MFW
0FW0MWFF0MMM0MFMMWW0MFFFWFMF0
FF00WM0FF0M0WMWW0F0W0FWW00MW0
WFMW0WW0M0M0WMMMFWFMWWWFMMMWF
M0W0F0FWMMW0F0WM0FW00MF0MFFFW
F0FMMWMF0FFMM0MWFWWMFMMFWMFF0
FF0FM00000MF0M0FFW0FWFFFFWFMM
FFF0MWW0FWFMF0MWMWF0M0FW0WMMM
0MM0W00M0W0MFW0MMWM0MM0M0W0FW
M000M0FWW0FMMW00WW00FWM00FM0M
FMWMF0W0FFW0F0MMW0WMFM000FWFF
F0MMW0MFW000M00FM00MMWFFM0WM0
0FFW0FFF0WWM0M0F0WMF0WWMFMFMW
WM0MFFMWM0F0MWFMM00WFWFMFM0MW
F00FWFW0MM0FFWMWMM0F0F0FM0MFF
WMM000FMMFFWF0FFM0WMMFFFFFMW0
00MWWFMM0FWFMWF0W0WWFM0WWMM0F
FMFMW0W00F0WWWMWMMMFMMMMFWFF0
WMMW0WMMMW00WM0F0WMMWF00MWWM0
WWWMWFMWWM0WF00FWWMWM00WWW0F0
FF000FFMMF0WMWMM0MMM0F0MMMM0M
M0MM0FFFMWMM0MMWFW0M0M0WFMWW0
MFWMW0000WWMMWWMM0W0FFFMF0MMF
W0F0FWM0MFMMMWFMMWWMW0WWFFFWF
WMWMWWMWF00FFMFWWMFF0W0MWWF0M
FFWFF0W0FMMF0WFWMFMF0MFFFM00F
FWMFMFFWFMFMWFMM00M0WMFWWMFW0
M000W0FWW0W0MMMF0W0WF0FMMF0F0
F00FW0MFW0FW0MFFMFFM0FMM0W0M0
MMMFFWWMMFF00FF0WM0FMWM0FF00F
0WWW00FMFWFF0WMWFF0FM00MMFFF0
MMFMMMW0M0MF0FMFFWM0MWM0FWFMF
PWFF0MM0WWMFFFF0MM0FMMMMM0MWM
W0F0FM0FMWM00MM0WFWW0FF00MFMM
WMMM00WMWF0MMMFFWWWF00WMWW0W0
FFM0WM0WWMFWWMWFMFWMWF0WWFFW0
WFFM00MWWW0WWMW00W0FW0MFFMFWW
W0FFMF0WMMMFM000WF0F00MM00FFF
MMFM0W0MMM0MMWMWF0FFWFWM0WFW0
0W0FFWFFMM00WFF0FWWW0MW0M0MF0
0MWWF0MFW00MMW0MWM0WWMFFF0WMF
WFWF0WWW0F00WFFF0FWMMMWWF0W0F
00WMWMMWW00M0MMWW0WFW0MFFWFMF
M00F0MFFW0MWMFW0WMWMW0FMFFF0M
"	SLLSDSRRSWLSSQREE
CRASH	""	"M00FM0F0W00PFFMWM0W0W0WW000MW0M0FMWM0
MFFWMM0WMW0FWM0F0WFW0FWWFWW0WFW00F0WF
M0FWFWM0WFFWW0FWMWF0FW0MFWFFM0MM0WMFF
"	SSRESUQDLRRDUDLSDSELUQUQREEWQQDRULQWUE
CRASH	""	"WMW
WMW
FWM
FWF
WFF
0FM
MFW
0MM
000
WWF
MWW
MWF
0MW
WF0
0W0
MF0
F0W
FFM
M0W
MFF
F0F
FMM
0PF
WMW
0W0
MWM
MMM
M0F
MMM
00M
FFM
0MM
0FF
WM0
MFF
0WF
WFM
00M
WFF
W0F
0FF
MFF
WWF
00M
"	SLWRLLEWE
CRASH	""	"WWWWWFMWFFF0MM0WFM0FFF0MMFWFWF0M0
MFWFMMWF000M0FW0MFMMWFWF0MFFW0WFF
W0WM0FF0MFM00M0WFFWWW00M0M0F0M0FF
MMF0M0FWFFW00WWF0W0M0WFF0FMFWF0MW
MMMWFM0WMW0FM0FFFWFFWMWMMWF0FWMF0
WWWF0F0W000M0WM000FF0FWWMWFWMW000
WW000W00W0MF0MWMFFWFFF0WFFW0MFFM0
WF000WMMF0WW000W0MFWMF00FFMM0WFMW
0WMMF0FMFM00WMMM0M0WMFM0MWM00WWFW
MFFFW0FFFFM0M0WFMFWWFMWMF00FFM0WW
0WF0WMFWFM0WMWF0W0WWMWWMFFFWFMF0W
0MWW0WMWMWFFWMFFM00MW00WWMWM0MFFW
F0F0MWM0FW00FW0WF0M0FFWWW0MFMWWFM
WF0MWWM0M0MM0FMM0FFWMF000MWFW0WFF
FMM0MF0W0MF000WWMF0M0F0MFWFW0M0MF
FWWF0FFWMMM0F00000FMWMMMMWFMM00W0
MFMWMWW0F0MFW0M000WW0W0M0W0MWFFFM
0F00WFFMFF0WFFMFF00FW0FMWWFWW0FMM
MFWMWMMMWM0WWMF00WWMWFWFFWWFMMWFW
WF000MWM0M0MMMMW0F0MFWMWW0MW00F00
0WW0FM0M0MW0MMMFFMMM0FM0MWFMM0FW0
MMMMMF00M0F00FW00WMFF000M0W0PFWMW
FWF0FW0WMFFFMFFF0MMM0MWWWWMFWFWWM
F000FFFWFWWM0WW0WMMMM0MMMFFMW00W0
"	SDWLSREEUWQWDRDSSRSUQSWDWSE
CRASH	""	"F0WWF0FWWFMMWMWF0F0W0WMFWWW
MFW00WMF00WM0FMW0WFMWWFMWFW
W000MF0WF0WW0F0FFFF00MMW0FM
FWWMFMWW0WWM0M00FW0FFFMWWWM
FWFM00MMM0M0W0F0F00MWMMFMMW
FW0MMM0MFMWMFMMFF0FWMF0FWMW
MF0M0MWWM0F000M0MMWMMW00WFM
0MW0WM0WMMMMW0MM0WMMW000FMF
FMF0FWFFWFMMPWWMMM0W000FF0F
WWMMW0WFWMWFFFM00MF0WFF0WF0
0WWMWW00F0M000W0WFW0FWMF0MF
MW0MFFFMFFMFFWFMWFF0W0MWMWW
MFFWFFM0FF0FWW0M0MFMMWW0M0M
"	SSRRDQSEWQRESRLWRSSRDSSLSWSUQSRQQWSRULRQWRWWLRQRSE
CRASH	""	"0FMWFFWMF0MMF0M
F0FW0M0WWF0FWFF
FM000MFMWFMWWFW
FWMW0W0WW0WW0F0
0M0WF0WWM0MM0WF
0F0FM0MFMWF0MW0
FFFFF0WWWWFWMFF
0W0FMM00WWM0MMW
MM0FWWW0M0WWF0W
WM0W00WFFWFFMWW
MFFWWFMWMFFFFWW
0FFWWF0FMMWFWW0
FWM00FWWWFMWMFF
W0MMMFM00FMMM0P
FFFM00MFFMMFFMM
WWWMFW0MMFWW0MF
FMWFF0M0MMFMW0W
WMWFMFWMMMWF0F0
"	SWWURULWDSDRQEUEESEUEWUSDE
CRASH	""	"MMFF0000MFMWWWM
0M0FMFFFFFWMMWM
F0MFFMWMMMFW0FM
MFFFMMMMFFWWMMW
MWWWWFW00MMW0FM
FWWF0WWFFFFFFM0
0W0MWFFWMF0FWMM
WF00FWWWM0F0W0W
W0MMFWMFMW0WMWW
FPFF0W0W0F0FF00
0MWW0MF00F0MFMM
WM0WMMWWFWFWWWF
00FFMM0WWWW0MM0
"	SRSUSSRRUEWERUDSQERQSLRWWRWDUDRLQWRSUEDSSSDE
CRASH	""	"MM0MF00MFWW0WW0MWFMWMFFFWFPW
FM0WM0WWW00MFW00M0MW0MFFWMMF
F0M0WWFW0W0WFW0MWFW0F0MFF0F0
00W0MWFMMMW0FF00MMMWM0F0WM00
FMMWWM0WFFFMMW0MMFMWMF0F0FFM
W00FMW00MMMFFF0WFWFMFWWF0M0M
0WWM0MM0FMM0FMFWWWF0FFM0WMMW
M000F0FMMMW00WMFFMMM0MMMFFMM
FWWWMM00MWWFFF00FWFWFWMFMFFW
"	SUQDSURREEWSRSDSUSREUWLSDLQDWE
CRASH	""	"M0WMWWMMFF
WFMMFMFFF0
FWW0MFWFMF
WFMMMMWMMW
00W0WFMFM0
FFF0F0F0FM
FPWW0FMMMW
WW0WMMFW0M
MWWWF0MF0F
M0FM000MWF
0WWFW0W0WW
WF0F0F00F0
FWM0M0WWWM
WF0M0FFMMW
MWF0FWM0FW
W00MM0WWMW
WM0W0MFMMF
"	SSQQUQSLWEERELELLDSLDRSQULSEQEQRRUWDWLRRWUUREQRQLE
CRASH	""	"FMM0MMMMFPMWF
FMM0WW0W0FFMF
MWFWFWFW0FMMW
MF0FFWF0MWW0F
0MWW00WFW0F0M
WWMFF00MM00FF
FFW0WM0WFWFMM
MWF0MW0WMWMWW
MFMMWWWM0WFWM
00M0WM0WM00MW
FWF0FM0MW0FMM
M0FMMF0WM0MM0
MFMFMWM0W00WW
WMFWWF0W0MWWM
00FMF0M0FWMFW
FF0FWMFFMW00M
M0F0WFWW0WF0W
FW0WWFWWWF0M0
0MWF0FFFW0FMW
WMMW0FMWFW00M
FFM00W00F0W0W
0FMMW0F0WM0WW
M0FMMFMMM0M0M
W0FM0MM0M0MWF
"	SRDDDUEQDDWWUQDWQSSULUDDQQWELUQLDWWLE
CRASH	""	"MMFWMWWMWW00MWW0MM0FPFM00FWMWMMWMWMFMW0MFW0MMWMF0M
00W00WMFFM0MFMFFMF0FF0WFFMWWF0FW00F00FMFMM0MMM0W0F
MFFWFF00FMWW00FFFMMFFFFFWW00FFMMWWMW0FF0M0FFFW0W0F
0FFFMMW0MWFM0WW00WF0MFFWMWFFWMFMMMWWW00W0FMW0MWWWM
FMMM0WWMFFWMMFWWFFM0F0WM0WFMWF0WMWWMWWWFWFMFMMWW0F
W0FMWW0FF0WW0MMWMMFMM0FFWWFWFWWFFWWMMFMMM0MWF0MM0W
FFW0MWWFFFWMFM0WMWMWFWFWF0FF0MFFFMMFF00M0FW00MMF0M
F0WMMMMFMMMWM0WMMFM0F0WF0W0W0FWWMWMW0WM0MF0MFWWMFM
F0W0WWFM0F000FFFFFW00WMFFMF00MMWWFMMF0WW0FMFMMWMW0
MWFMWMMMF0MMFWMM0MWWMWWFFWF0W0000MMFF0WWFWFM0WFFFM
F0F0FFFFMWWMMFFWM0WMMFFWFWFFMF0FFWW00FFFMMFF0W0WWM
MFFF0MFM00FMM0MFWWWW0F000MWW0FMWF0WWFFWW0M0M0FW00W
00W0WFWMMMWFMMWF000MWWWMW00FMWMMMWWFMFM0FMF00MFMMW
0M00WMMFMFFMMM0WFWWMWWFM00M0FMMFWF0FWFFWMF0WFMFMF0
FMFFF0MMFMM0F0MFFFWMFWWM000FMMF0WWWWFWWM0WW0WWMWM0
MFFW0WFM00FFMM0WW0W0M00WWM00F0FFF00MWMWFMFWFFM0WFF
0WMFWMM0WMWFFMW00MM0MMWFW0MF0FW0MMFFF0WWFMF0WWWWMW
WFFMW0MWMF0WFWMWFM0W0FMMMWMFFMMFM0FM000W00WFWF00MW
0MMWMFFWWFFWWMMM0WM0MFM0FM00FF00WFWMFF0MMF0FW00WFF
FWWMMFW0WMWMMWW0FWF0MWF0M0M0MWWF0W0WF00MMFMMFMFWFW
M0FFFMWM0WMFMF00W0WMFM0FMF0MFW000FWM0FWMFFMMFF0W0M
00FF0M000M0W0WW0FMFMFWWM0FWF0WWWWWWF0FMWM0MFMWFM00
WFF0MF0WFWMM0MFMFWWW00FFF0W0MMWWFWFMWFWFWFW0MMFFFF
0FWMFF0MF0FMWFWFFFM0FF0MFF0M0MFFWWFWW0WMWFWMW0MWMM
F0MWMMF0WFMWMM0FFMF0WFMMFWM0MW0FM0MWMMM0FWMFMMFFWF
MWF0FFWF0MFF0FMW0MWWFMW00M0WMWFMW0FWMMMMFWWW0000MM
MMFMMFMWFF0WMWWF0FFW0M0MF000MWF0F0M0M0MFM0MMMWFFWM
0FMF0W00FMMMF0MMMWFM0MFF0FF0FFFF0M00W0W00MF0M0FWFW
00W0WWW00WFMW0FFMFF00FFM000MWMFFWW0FFWMW0WMFWW0FW0
0MF00M0WFWWWF0MM00FFMWMFMFW0W0MFWMFM0FF0FFFFMMMWFF
0WWWMFMFFWFF0MFW0MWMWWMFF0MM0MFWMFMM0MF0WWFFFMF0FW
M0FFMWFWMFFMMWMMWW0WWFWFFFMF0WM0MMFFMWMM00WMFMFM0W
WWMFWMFWMMWMWMF0MWMW0MMF00MMWWW00WM0WW0W0MMM0FW0FW
MF00MF0WFW0FFWF0M0FFF0WF0MW0W0MWF0F0W00MMFMFMMFWWW
MW0MM00FWMFF0F00MFFMWFWMW00MWWMFMMWW00WFMF0MWWMFMM
0WFFMFMW0MWWFWWW0MF0FFWMFWWM0FWWF00FMMF0MMW0WMWWF0
0WMWW0F0FWFMMWFF00FMFMWFWF0FF00MWMWFWFFFF00F00F00W
"	SLLURWSQRWWEQDRQLWEQULQDE
CRASH	""	"MF0MF0WFFFWFW0MMMM
0FWFMFW0WMF0WWW0FM
WFFFM0FF0WF0M0MM0M
00M0WWFFF0MW0FFMMW
0FW00WF0WMFF00WM0F
M0F0FWWFW0F0000WFW
FFFFFF00MF0FMFF0WF
MFF00WMMF00M0WWMMM
F0M0MFWF0WWMFFMFM0
FFMMF0WWMMF0WFM0MF
0FM0WFWMWMW0FF0MWW
WWW00FMWWW000FF00F
MFFFFMM0W0MW00MF0W
WW0WW0F00W0MFFF0W0
FMWFW0W0FWPFFF0M0F
M0WM00FW0MFWMMWFMM
MW0M0MF0MWF0WMMWMW
W0FFWFMMW00FMWFWWF
W0MMW0W0MFF0W0W0W0
0FWWMWWMFFFMMM0M0M
0WFF0FWFM0MFW0W0MF
0WF00M0MFF0MFWFFMF
0M0W0F0FWWW0MF0MFF
WFMFW0MM0WW0WM0FMF
WMMMFFMM0W0W0MFFWM
WWMM0FM00WMFMWFFMM
"	SSWWLLWDLQUESLSQWDURLLSDLLLERLLSEQLWWEE
CRASH	""	"FMMWWF00FF0WFPMMWM0FM00WM0MFMM0FMM000F0FW
"	SDUQWRSQULEE
CRASH	""	"M0MWF
0FWFM
WFFW0
W00WF
MW0FW
WFWWF
WMMW0
F0F00
00MFF
0MMF0
WW0F0
MFMFF
M0WWM
WW00F
0MWFW
FWMMF
0F00M
W00WF
0FMFF
WWWF0
FFFF0
WM0WM
0MMMF
MFW0W
WW0WW
00W00
WWMM0
M00PW
"	SDDUSDRUWRLQQQWLWLDERELRSRWWSWLDSUEWEQSSWSWSLEUSEEDE
CRASH	""	"WMFW00MMW0F0W0WWFFMWMFMMW0WW0F0W0MM0
0FWWMMWWM00WWMMM0WWFMF0M000FFFF0WF0W
F0FWM0WFWF000WMWMMFWWWFFF0MFMFW0M0W0
W0F0FWMWM0FWMM00FWFMMFMWFWMMWFWFWW0F
FFFW0WWMW0MFFWMM0MFF0FWFMW000WFMW0FW
MFWMWFWW0FFWWF0M0M00FWWWMFMFW000WW0W
0WMWW0000MWFW0WFMF0FWWFMMWM0MFWMMF00
MW0WFF0FWWFMMWM00WWWWW0WW0F0W00W0MFM
PWWFFFFMWMFW0W0WFF0WMWWWWFMM0WFW000F
FMM0MW00M0WWW0WMFFFF0MWWWMM0FW0WMMFW
M00FFW0FWMWFMWMMMMFF0FWM0MMM00W00FM0
MFFWM0M0FMMWF0WWWFWMM0WFM000MMMW000F
"	SSQRRDLUSLESSQWLRUEWEQSLE
CRASH	""	"WWMWM0MWWWMMWWW0F0MWFMWWM000W00WMF0W0FMMW00W
FF0FWMM00WFWMMWWW0MF0WW0WWFF0F000F0WFMWMWMWF
00FF0WM0WW0FMFMM0MWFMMWFFWF0FFWW0WWFMWFFM0MW
FWMWM0FWWF00FFW0MW0000WMFMFMWFWFF0FF00FMFMMW
FM00MF0MFWFFFWWMMMF0FFW0FW0WMFM0WWFM0W0MMMFW
0WFFF0W00MFWFFWMMMFWFMMWMFWMMW0WMWF0M0WMFWMM
00WFFM00F0W0WMFFMF0WFMWMWW00WW000MMWMMFFWWMF
WF0W0FFF00W0FM0M0000WFM0WM0FMM00WWFW0MWW00MF
00M0MMWFFMMMWFFFMFMFF00WWFMMWMW0MFMM0M0W0FF0
0M0FFWFFFMWWMFWMWMW00F0W00FM0W0MWFFWMFWMFWMF
FFFMF0F0FWMF00FWMMFWM000W00MFFWMFMF0MM0FWWWW
MF0W00FMWMMWMWFWFWM00FWM0M0MWFM0FWM00MWW0MMM
0MFWMM0MWFWMFWW0M0FFW0M00WFWWMMM00WFMWWWFWWF
W0FFM0FM00MWMMW0WFFFFW0M0FFW0WFMFWWW0WFW0MMF
MMWWF0FMFMWM0MMFFMFWFW00MM0MWWW00F000MMFM00M
M0WMMWFW00W0FWMM0FWFFM00MFFWMMFW0FW0FWMM0M0M
WWWWWFMW0MWWFMMWF0FFF0F00FWFW00WFF0FM0MWMWFF
MMW0MMWW0WFWWMMMF00M0W0W0M0FFFMF0MWFFMM0F00W
FMMMMMFMWFWW000MMWMWMMFM0F0M0WWFMMFMF0MM0WMM
0MWMFMMMF00FWWMMW0FFWWF0M0MW0F0W0WFMF0MFMWMM
0M0M0FWFWMFW0FW0FFWWMFF0FWWM0000W00M0MMM0000
FMMWF0000FWFFM0WMMMWWMWWMMWFWMWW0WMWFFFFMWF0
MMWFWMWFFFWWWF0WWFF0WFF0F0MFM0M00F00M0WM0F0F
WMMW0FFFMF0MWMF0MF0MW0FMWFFF00F0WFF0M0MFM0FW
0M0MMM0WFWMWMWMFWF0MF0M0MWW00FFFF0M00MMMF00F
00WWF0FFFMW000MWMFMWFF0FWW0MWWMMFWFF00WM0MF0
W00MW0WMFWWW0FMWFWF0MW0M0M0WFMM00MMMF00WFMF0
WMM0FM0MFFM0FW0FMWWM0M0W0MFF0FMFWFFWFFMMF0M0
F0FWMWWW0F0F0F0F0M00FFMMM000WFMMMW0WWF0MWFWF
W00WWFFFWMMFMWMFFFF0F00WFW0FF0M0FWWFMWMWFMWM
FMFFFFWWF0MMWMWFWW00MFWMWMW0MMFMM0FMFW0W00WW
0FFFWFFW00WMMWFW00WFWFFFM00FWFFM0FMWFF0WM0FW
FFFF0MWMWFWMW0FMMFWF0F0FWF0WFFWFWFF0MF0MM0MM
00WM0MWFFMF0MMFM0FWFFFWW00WWWWFFFFFWWWM00MW0
FFF0FFWFMMFW0WF0W000000MWMWMM000WF00WWM0MF00
0FMMFF0WWWWWF0FFM0F0M00FMMMFF0W000WWMPWWW00F
M0MMFMW00FMFWMFWFMFW0MWMWFFMMWFW000WWFW0MWWF
WWWF00WMM0FM0MMFMMMWMFWFFFWMFM0WWMWWWF0WM0FW
"	SUELSUSSUSSUUUURDLRLDSDSRSWESDE
CRASH	""	"W
W
W
P
W
F
W
F
"	SLLEUEQESQDWDSDEQUEWLEQWRLQWERQE
CRASH	""	"M
0
W
0
0
F
W
0
W
F
F
0
F
F
M
M
0
P
W
M
M
F
M
F
F
M
W
W
F
M
"	SUWLWQWDRQQWLWDRDWWRDWLRLQELLRRWDULSDUWEWUQSEUDE
CRASH	""	"WF0FFFW
F0F0FWF
0MFPMMW
FWWFFW0
MMFWFW0
MWFWF00
M0FWFFM
WMFFWWM
0FF0WM0
M0MFM0M
"	SQRUSUUUSLDSUE
CRASH	""	"W0WMWWMWP00M0F0WMWW0F0MWM0FWFWFMM00
W0FF0FMFWFF0M00FWM00F00MWWMWMWM0M00
WMMMMMWWFW0MMF0M0W0WM0F0WMWFFMF0MMF
0FMMMWFFF0MF00MW0WMMWMWFM0M00W00F00
"	SRRQEQLEQRQDQDLSQUSUSWUWRWQRSSLLUQLLLDUSDRRSEUE
CRASH	""	"MM0WFFWF000MF
FFWWW0M0MMF0W
P0FFMM0W0W0F0
0MWW0MWW0MMMM
MMWWM0000WWW0
WMMMWWF0F000F
0MMWMFM0FW0MW
WWW0WMWMW0F0M
FF0FMWWWMF0FF
MFFF0MWMMWFWW
WMFWWWFMFW0FW
M0MWMMWMFF0M0
W00F00FFWFMMW
FM0WFWWW00MMF
WWM0WMWM0MFWF
FMM0M0M0M00MF
WMWFMWFMWFFFW
MMMWFWFFFMFMF
MW0MFWMMW00FF
FWM0MMFFF0MF0
M0WWFMM00M0WM
0MMMW0WMWFF0W
FM0MMWFWWF0F0
M0FFM0MFMF0FM
0F0FFFM0FFWMW
MM00WMW0F0WFW
"	SUQQUDEUDELEUUQQEQRDRRUEUDWWLERWSQRSDLLWDSWUSQE
CRASH	""	"FWMFWM0M00MWMWF0MMFMFMMFFMF
WWWFF0WFF000WMW0MFMFF00FMWW
0M000WFMW00FFFFWFWF00WMFM0M
0M0FMWF0MFMFWF0F0MWFFWWW0F0
F00MFF0FMWFFWM0W0WW0W00WF0W
0MMF00FFMM0WWW0WWFWWWWMMF0W
WMWMFW0MM0MWWMWW0MMFMMM00FM
FM000W0WFFM00MFMFF0MFWFFFF0
0WWFFFMMW0M00MMF0W0MFMFMW0W
MWW0FWM0W0W0WWMWFMMWFM0FFWM
0F00F0W00W0WWFMF0MMWMMMMWF0
MFWFFMFFMWW0FWFFF0M0W0WW0WM
M00MMFM0WWWMM0MFMWFWMMW00FM
W0WMMWF0WW00MWWF00MWFM0W00W
FM00MMWFFW0M0MFF0FFMFMM0MFW
WPW00M0FF000WFWWMMM0MMFMWMM
"	SWLLDQQSEUEUESLWSLWELLUUQDUEEDLEUQQWSWLQDE
CRASH	""	"W
0
W
W
F
F
W
F
M
F
W
0
W
W
W
F
M
W
W
P
W
M
M
F
0
M
F
W
M
W
0
0
F
0
W
M
0
W
F
M
F
W
W
0
F
M
F
W
F
W
"	SDRWDRREULLULSLDSUDUEDWWQUDQUE
CRASH	""	"0MF0FF00WF0M0WWF0W0MFMMF0F00MW0F0WWM0WFFM0W0W0
0FFF00F0M0F00MW0FFMFMMWWWWMMWMFF00M0W0MW0MWW0M
FWFWW0F0MM0WWMMPFFF0W0MM0MFMWFFWMWF0WFW0MMMW0F
WWMF00FM00WWMM000FF0F0FMFMFFFWF0FWFWMWWW0M0FWF
"	SSRSSDQUDDQWRLSDERWUE
